<?xml version="1.0" encoding="UTF-8"?>
<!-- Copyright 2014 Richard Hughes <richard@hughsie.com> -->
<application>
  <id type="desktop">io.github.ec_.Quake3e.OpenArena</id>
  <metadata_license>CC0-1.0</metadata_license>
  <project_license>GPL-2.0+</project_license>
  <provides>
    <id>io.github.xplshn.Openarena.desktop</id>
  </provides>
  <name>OpenArena (Quake3e)</name>
  <summary>Free and open source first-person shooter</summary>
  <description>
    <p>
      OpenArena is a free and open source first-person shooter game based
      heavily on the Quake III Arena-style deathmatch.
      Score frags to win the game using a balanced set of weapons each designed
      for different situations.
      Guns include a chaingun, rocket launcher, shotgun, and railgun.
    </p>
    <p>
      OpenArena's style of play is very fast and requires skill to be played
      successfully online.
      Gameplay modes include Deathmatch, Team Deathmatch, Tournament, Capture
      the Flag, Elimination, CTF Elimination, Last Man Standing and Double
      Domination.
    </p>
    <p>
      This version of OpenArena is based on the Quake3e engine by "Ec" on GitHub, I do not take credit for his work or any of the work done by the OpenArena team.
      This FlatPak was made to be a replacement of the original one released on 2012, as it contains bugs and annoyances not present in this engine. The gameplay is 100% compatible and if not, please make an issue in my repo(xplshn/openarena), I'll investigate it.
    </p>
  </description>
  <url type="homepage">http://www.openarena.ws/</url>
  <url type="source">https://xplshn.github.io/</url>
  <screenshots>
    <screenshot type="default">http://www.openarena.ws/e107_images/custom/085-1.jpg</screenshot>
    <screenshot>http://www.openarena.ws/e107_images/custom/085-6.jpg</screenshot>
    <screenshot>http://www.openarena.ws/e107_images/custom/085-16.jpg</screenshot>
  </screenshots>
  <!-- FIXME: change this to an upstream email address for spec updates
  <updatecontact>someone_who_cares@upstream_project.org</updatecontact>
   -->
  <content_rating type="oars-1.0">
    <content_attribute id="violence-cartoon">none</content_attribute>
    <content_attribute id="violence-fantasy">moderate</content_attribute>
    <content_attribute id="violence-realistic">none</content_attribute>
    <content_attribute id="violence-bloodshed">mild</content_attribute>
    <content_attribute id="violence-sexual">none</content_attribute>
    <content_attribute id="drugs-alcohol">none</content_attribute>
    <content_attribute id="drugs-narcotics">none</content_attribute>
    <content_attribute id="drugs-tobacco">none</content_attribute>
    <content_attribute id="sex-nudity">none</content_attribute>
    <content_attribute id="sex-themes">none</content_attribute>
    <content_attribute id="language-profanity">mild</content_attribute>
    <content_attribute id="language-humor">none</content_attribute>
    <content_attribute id="language-discrimination">none</content_attribute>
    <content_attribute id="social-chat">intense</content_attribute>
    <content_attribute id="social-info">none</content_attribute>
    <content_attribute id="social-audio">none</content_attribute>
    <content_attribute id="social-location">none</content_attribute>
    <content_attribute id="social-contacts">none</content_attribute>
    <content_attribute id="money-purchasing">none</content_attribute>
    <content_attribute id="money-gambling">none</content_attribute>
  </content_rating>
  <releases>
    <release version="0.8.8" date="2012-02-20"/>
  </releases>
</application>
